PRIVATE_KEY,priorityFeeLamports,slippage,jitoTip,buyAmountSOL,buyDelayMs,sellPercent1,sellDelay1,sellPercent2,sellDelay2,sellPercent3,sellDelay3,sellPercent4,sellDelay4,sellPercent5,sellDelay5
3BuiQ9SJv5C27bZ9s4NizFxcnZ43fptRNUMVGx2Fw55CuBL7zVzDNEMqUbxK95yr3G71VGSJZazmcB5mq84u3aru,0,100,0.0001,0.00001,385,40,970,84,10246,15,15190,12,24039,100,31139
3BuiQ9SJv5C27bZ9s4NizFxcnZ43fptRNUMVGx2Fw55CuBL7zVzDNEMqUbxK95yr3G71VGSJZazmcB5mq84u3aru,0,100,0.0001,0.00001,385,40,970,84,10246,15,15190,12,24039,100,31139
3BuiQ9SJv5C27bZ9s4NizFxcnZ43fptRNUMVGx2Fw55CuBL7zVzDNEMqUbxK95yr3G71VGSJZazmcB5mq84u3aru,0,100,0.0001,0.00001,385,40,970,84,10246,15,15190,12,24039,100,31139
3BuiQ9SJv5C27bZ9s4NizFxcnZ43fptRNUMVGx2Fw55CuBL7zVzDNEMqUbxK95yr3G71VGSJZazmcB5mq84u3aru,0,100,0.0001,0.00001,385,40,970,84,10246,15,15190,12,24039,100,31139
3BuiQ9SJv5C27bZ9s4NizFxcnZ43fptRNUMVGx2Fw55CuBL7zVzDNEMqUbxK95yr3G71VGSJZazmcB5mq84u3aru,0,100,0.0001,0.00001,385,40,970,84,10246,15,15190,12,24039,100,31139
3BuiQ9SJv5C27bZ9s4NizFxcnZ43fptRNUMVGx2Fw55CuBL7zVzDNEMqUbxK95yr3G71VGSJZazmcB5mq84u3aru,0,100,0.0001,0.00001,385,40,970,84,10246,15,15190,12,24039,100,31139
3BuiQ9SJv5C27bZ9s4NizFxcnZ43fptRNUMVGx2Fw55CuBL7zVzDNEMqUbxK95yr3G71VGSJZazmcB5mq84u3aru,0,100,0.0001,0.00001,385,40,970,84,10246,15,15190,12,24039,100,31139
3BuiQ9SJv5C27bZ9s4NizFxcnZ43fptRNUMVGx2Fw55CuBL7zVzDNEMqUbxK95yr3G71VGSJZazmcB5mq84u3aru,0,100,0.0001,0.00001,385,40,970,84,10246,15,15190,12,24039,100,31139
